d,k,p,dataset,type,recall,precision,f-score
300,5000,1,as,train,0,0,0
300,5000,1,as,test,0.718,0.714,0.716
300,5000,1,cityu,train,0,0,0
300,5000,1,cityu,test,0.723,0.690,0.706
300,5000,1,msr,train,0,0,0
300,5000,1,msr,test,0.779,0.728,0.753
300,5000,1,pku,train,0,0,0
300,5000,1,pku,test,0.760,0.738,0.749
300,2000,1,as,train,0,0,0
300,2000,1,as,test,0.712,0.710,0.711
300,2000,1,cityu,train,0,0,0
300,2000,1,cityu,test,0.722,0.694,0.708
300,2000,1,msr,train,0,0,0
300,2000,1,msr,test,0.777,0.728,0.752
300,2000,1,pku,train,0,0,0
300,2000,1,pku,test,0.758,0.737,0.747
300,1500,1,as,train,0,0,0
300,1500,1,as,test,0.708,0.707,0.707
300,1500,1,cityu,train,0,0,0
300,1500,1,cityu,test,0.719,0.695,0.707
300,1500,1,msr,train,0,0,0
300,1500,1,msr,test,0.774,0.726,0.749
300,1500,1,pku,train,0,0,0
300,1500,1,pku,test,0.755,0.735,0.745
300,1000,1,as,train,0,0,0
300,1000,1,as,test,0.691,0.692,0.691
300,1000,1,cityu,train,0,0,0
300,1000,1,cityu,test,0.707,0.686,0.696
300,1000,1,msr,train,0,0,0
300,1000,1,msr,test,0.764,0.718,0.740
300,1000,1,pku,train,0,0,0
300,1000,1,pku,test,0.745,0.728,0.737
300,500,1,as,train,0,0,0
300,500,1,as,test,0.625,0.626,0.626
300,500,1,cityu,train,0,0,0
300,500,1,cityu,test,0.662,0.646,0.654
300,500,1,msr,train,0,0,0
300,500,1,msr,test,0.712,0.672,0.691
300,500,1,pku,train,0,0,0
300,500,1,pku,test,0.713,0.700,0.707
300,100,1,as,train,0,0,0
300,100,1,as,test,0.451,0.446,0.449
300,100,1,cityu,train,0,0,0
300,100,1,cityu,test,0.541,0.535,0.538
300,100,1,msr,train,0,0,0
300,100,1,msr,test,0.476,0.447,0.461
300,100,1,pku,train,0,0,0
300,100,1,pku,test,0.554,0.548,0.551
300,50,1,as,train,0,0,0
300,50,1,as,test,0.442,0.441,0.442
300,50,1,cityu,train,0,0,0
300,50,1,cityu,test,0.473,0.469,0.471
300,50,1,msr,train,0,0,0
300,50,1,msr,test,0.431,0.413,0.422
300,50,1,pku,train,0,0,0
300,50,1,pku,test,0.446,0.442,0.444
300,10,1,as,train,0,0,0
300,10,1,as,test,0.446,0.471,0.458
300,10,1,cityu,train,0,0,0
300,10,1,cityu,test,0.450,0.462,0.456
300,10,1,msr,train,0,0,0
300,10,1,msr,test,0.465,0.463,0.464
300,10,1,pku,train,0,0,0
300,10,1,pku,test,0.438,0.454,0.446
300,5000,2,as,train,0,0,0
300,5000,2,as,test,0.724,0.719,0.721
300,5000,2,cityu,train,0,0,0
300,5000,2,cityu,test,0.726,0.693,0.709
300,5000,2,msr,train,0,0,0
300,5000,2,msr,test,0.782,0.730,0.756
300,5000,2,pku,train,0,0,0
300,5000,2,pku,test,0.763,0.740,0.751
300,2000,2,as,train,0,0,0
300,2000,2,as,test,0.718,0.716,0.717
300,2000,2,cityu,train,0,0,0
300,2000,2,cityu,test,0.724,0.696,0.710
300,2000,2,msr,train,0,0,0
300,2000,2,msr,test,0.780,0.730,0.755
300,2000,2,pku,train,0,0,0
300,2000,2,pku,test,0.761,0.739,0.750
300,1500,2,as,train,0,0,0
300,1500,2,as,test,0.714,0.713,0.713
300,1500,2,cityu,train,0,0,0
300,1500,2,cityu,test,0.723,0.698,0.710
300,1500,2,msr,train,0,0,0
300,1500,2,msr,test,0.777,0.729,0.752
300,1500,2,pku,train,0,0,0
300,1500,2,pku,test,0.757,0.737,0.747
300,1000,2,as,train,0,0,0
300,1000,2,as,test,0.698,0.699,0.699
300,1000,2,cityu,train,0,0,0
300,1000,2,cityu,test,0.711,0.689,0.700
300,1000,2,msr,train,0,0,0
300,1000,2,msr,test,0.768,0.721,0.744
300,1000,2,pku,train,0,0,0
300,1000,2,pku,test,0.749,0.731,0.740
300,500,2,as,train,0,0,0
300,500,2,as,test,0.637,0.639,0.638
300,500,2,cityu,train,0,0,0
300,500,2,cityu,test,0.669,0.652,0.660
300,500,2,msr,train,0,0,0
300,500,2,msr,test,0.719,0.678,0.698
300,500,2,pku,train,0,0,0
300,500,2,pku,test,0.720,0.705,0.712
300,100,2,as,train,0,0,0
300,100,2,as,test,0.469,0.463,0.466
300,100,2,cityu,train,0,0,0
300,100,2,cityu,test,0.557,0.547,0.552
300,100,2,msr,train,0,0,0
300,100,2,msr,test,0.498,0.467,0.482
300,100,2,pku,train,0,0,0
300,100,2,pku,test,0.568,0.560,0.564
300,50,2,as,train,0,0,0
300,50,2,as,test,0.463,0.463,0.463
300,50,2,cityu,train,0,0,0
300,50,2,cityu,test,0.490,0.484,0.487
300,50,2,msr,train,0,0,0
300,50,2,msr,test,0.459,0.435,0.447
300,50,2,pku,train,0,0,0
300,50,2,pku,test,0.466,0.459,0.463
300,10,2,as,train,0,0,0
300,10,2,as,test,0.475,0.497,0.486
300,10,2,cityu,train,0,0,0
300,10,2,cityu,test,0.476,0.484,0.480
300,10,2,msr,train,0,0,0
300,10,2,msr,test,0.500,0.493,0.496
300,10,2,pku,train,0,0,0
300,10,2,pku,test,0.472,0.482,0.477
300,5000,4,as,train,0,0,0
300,5000,4,as,test,0.732,0.725,0.729
300,5000,4,cityu,train,0,0,0
300,5000,4,cityu,test,0.731,0.696,0.713
300,5000,4,msr,train,0,0,0
300,5000,4,msr,test,0.788,0.734,0.760
300,5000,4,pku,train,0,0,0
300,5000,4,pku,test,0.767,0.742,0.754
300,2000,4,as,train,0,0,0
300,2000,4,as,test,0.728,0.725,0.727
300,2000,4,cityu,train,0,0,0
300,2000,4,cityu,test,0.729,0.701,0.715
300,2000,4,msr,train,0,0,0
300,2000,4,msr,test,0.786,0.734,0.759
300,2000,4,pku,train,0,0,0
300,2000,4,pku,test,0.766,0.742,0.754
300,1500,4,as,train,0,0,0
300,1500,4,as,test,0.724,0.723,0.724
300,1500,4,cityu,train,0,0,0
300,1500,4,cityu,test,0.729,0.704,0.717
300,1500,4,msr,train,0,0,0
300,1500,4,msr,test,0.784,0.733,0.758
300,1500,4,pku,train,0,0,0
300,1500,4,pku,test,0.762,0.741,0.751
300,1000,4,as,train,0,0,0
300,1000,4,as,test,0.713,0.713,0.713
300,1000,4,cityu,train,0,0,0
300,1000,4,cityu,test,0.718,0.695,0.706
300,1000,4,msr,train,0,0,0
300,1000,4,msr,test,0.775,0.726,0.750
300,1000,4,pku,train,0,0,0
300,1000,4,pku,test,0.755,0.736,0.746
300,500,4,as,train,0,0,0
300,500,4,as,test,0.663,0.664,0.663
300,500,4,cityu,train,0,0,0
300,500,4,cityu,test,0.680,0.661,0.671
300,500,4,msr,train,0,0,0
300,500,4,msr,test,0.734,0.689,0.710
300,500,4,pku,train,0,0,0
300,500,4,pku,test,0.732,0.715,0.724
300,100,4,as,train,0,0,0
300,100,4,as,test,0.504,0.498,0.501
300,100,4,cityu,train,0,0,0
300,100,4,cityu,test,0.584,0.568,0.576
300,100,4,msr,train,0,0,0
300,100,4,msr,test,0.529,0.494,0.511
300,100,4,pku,train,0,0,0
300,100,4,pku,test,0.593,0.580,0.586
300,50,4,as,train,0,0,0
300,50,4,as,test,0.507,0.503,0.505
300,50,4,cityu,train,0,0,0
300,50,4,cityu,test,0.519,0.509,0.514
300,50,4,msr,train,0,0,0
300,50,4,msr,test,0.496,0.465,0.480
300,50,4,pku,train,0,0,0
300,50,4,pku,test,0.497,0.485,0.491
300,10,4,as,train,0,0,0
300,10,4,as,test,0.530,0.538,0.534
300,10,4,cityu,train,0,0,0
300,10,4,cityu,test,0.513,0.511,0.512
300,10,4,msr,train,0,0,0
300,10,4,msr,test,0.547,0.524,0.535
300,10,4,pku,train,0,0,0
300,10,4,pku,test,0.512,0.513,0.513
300,5000,6,as,train,0,0,0
300,5000,6,as,test,0.740,0.731,0.735
300,5000,6,cityu,train,0,0,0
300,5000,6,cityu,test,0.735,0.699,0.717
300,5000,6,msr,train,0,0,0
300,5000,6,msr,test,0.791,0.735,0.762
300,5000,6,pku,train,0,0,0
300,5000,6,pku,test,0.771,0.744,0.757
300,2000,6,as,train,0,0,0
300,2000,6,as,test,0.737,0.731,0.734
300,2000,6,cityu,train,0,0,0
300,2000,6,cityu,test,0.734,0.704,0.719
300,2000,6,msr,train,0,0,0
300,2000,6,msr,test,0.790,0.735,0.762
300,2000,6,pku,train,0,0,0
300,2000,6,pku,test,0.770,0.744,0.757
300,1500,6,as,train,0,0,0
300,1500,6,as,test,0.734,0.730,0.732
300,1500,6,cityu,train,0,0,0
300,1500,6,cityu,test,0.734,0.708,0.721
300,1500,6,msr,train,0,0,0
300,1500,6,msr,test,0.789,0.735,0.761
300,1500,6,pku,train,0,0,0
300,1500,6,pku,test,0.766,0.743,0.755
300,1000,6,as,train,0,0,0
300,1000,6,as,test,0.724,0.722,0.723
300,1000,6,cityu,train,0,0,0
300,1000,6,cityu,test,0.725,0.699,0.712
300,1000,6,msr,train,0,0,0
300,1000,6,msr,test,0.780,0.729,0.754
300,1000,6,pku,train,0,0,0
300,1000,6,pku,test,0.760,0.739,0.749
300,500,6,as,train,0,0,0
300,500,6,as,test,0.684,0.681,0.683
300,500,6,cityu,train,0,0,0
300,500,6,cityu,test,0.690,0.668,0.679
300,500,6,msr,train,0,0,0
300,500,6,msr,test,0.743,0.696,0.719
300,500,6,pku,train,0,0,0
300,500,6,pku,test,0.741,0.722,0.732
300,100,6,as,train,0,0,0
300,100,6,as,test,0.544,0.531,0.538
300,100,6,cityu,train,0,0,0
300,100,6,cityu,test,0.599,0.576,0.587
300,100,6,msr,train,0,0,0
300,100,6,msr,test,0.559,0.516,0.537
300,100,6,pku,train,0,0,0
300,100,6,pku,test,0.611,0.593,0.602
300,50,6,as,train,0,0,0
300,50,6,as,test,0.541,0.529,0.535
300,50,6,cityu,train,0,0,0
300,50,6,cityu,test,0.545,0.526,0.535
300,50,6,msr,train,0,0,0
300,50,6,msr,test,0.535,0.494,0.514
300,50,6,pku,train,0,0,0
300,50,6,pku,test,0.527,0.508,0.517
300,10,6,as,train,0,0,0
300,10,6,as,test,0.562,0.556,0.559
300,10,6,cityu,train,0,0,0
300,10,6,cityu,test,0.543,0.530,0.536
300,10,6,msr,train,0,0,0
300,10,6,msr,test,0.566,0.529,0.547
300,10,6,pku,train,0,0,0
300,10,6,pku,test,0.543,0.531,0.537
300,5000,8,as,train,0,0,0
300,5000,8,as,test,0.746,0.734,0.740
300,5000,8,cityu,train,0,0,0
300,5000,8,cityu,test,0.739,0.702,0.720
300,5000,8,msr,train,0,0,0
300,5000,8,msr,test,0.795,0.736,0.765
300,5000,8,pku,train,0,0,0
300,5000,8,pku,test,0.772,0.744,0.758
300,2000,8,as,train,0,0,0
300,2000,8,as,test,0.744,0.736,0.740
300,2000,8,cityu,train,0,0,0
300,2000,8,cityu,test,0.736,0.705,0.721
300,2000,8,msr,train,0,0,0
300,2000,8,msr,test,0.793,0.736,0.763
300,2000,8,pku,train,0,0,0
300,2000,8,pku,test,0.772,0.746,0.759
300,1500,8,as,train,0,0,0
300,1500,8,as,test,0.742,0.735,0.738
300,1500,8,cityu,train,0,0,0
300,1500,8,cityu,test,0.739,0.711,0.725
300,1500,8,msr,train,0,0,0
300,1500,8,msr,test,0.793,0.737,0.764
300,1500,8,pku,train,0,0,0
300,1500,8,pku,test,0.770,0.746,0.758
300,1000,8,as,train,0,0,0
300,1000,8,as,test,0.734,0.728,0.731
300,1000,8,cityu,train,0,0,0
300,1000,8,cityu,test,0.731,0.703,0.717
300,1000,8,msr,train,0,0,0
300,1000,8,msr,test,0.784,0.730,0.756
300,1000,8,pku,train,0,0,0
300,1000,8,pku,test,0.765,0.742,0.753
300,500,8,as,train,0,0,0
300,500,8,as,test,0.699,0.691,0.695
300,500,8,cityu,train,0,0,0
300,500,8,cityu,test,0.699,0.674,0.686
300,500,8,msr,train,0,0,0
300,500,8,msr,test,0.752,0.700,0.725
300,500,8,pku,train,0,0,0
300,500,8,pku,test,0.747,0.725,0.736
300,100,8,as,train,0,0,0
300,100,8,as,test,0.566,0.548,0.557
300,100,8,cityu,train,0,0,0
300,100,8,cityu,test,0.607,0.578,0.592
300,100,8,msr,train,0,0,0
300,100,8,msr,test,0.580,0.530,0.554
300,100,8,pku,train,0,0,0
300,100,8,pku,test,0.624,0.600,0.612
300,50,8,as,train,0,0,0
300,50,8,as,test,0.563,0.544,0.554
300,50,8,cityu,train,0,0,0
300,50,8,cityu,test,0.560,0.534,0.547
300,50,8,msr,train,0,0,0
300,50,8,msr,test,0.560,0.511,0.535
300,50,8,pku,train,0,0,0
300,50,8,pku,test,0.549,0.523,0.536
300,10,8,as,train,0,0,0
300,10,8,as,test,0.580,0.564,0.572
300,10,8,cityu,train,0,0,0
300,10,8,cityu,test,0.555,0.534,0.545
300,10,8,msr,train,0,0,0
300,10,8,msr,test,0.574,0.526,0.549
300,10,8,pku,train,0,0,0
300,10,8,pku,test,0.559,0.537,0.548
300,5000,10,as,train,0,0,0
300,5000,10,as,test,0.750,0.735,0.743
300,5000,10,cityu,train,0,0,0
300,5000,10,cityu,test,0.741,0.703,0.721
300,5000,10,msr,train,0,0,0
300,5000,10,msr,test,0.797,0.736,0.765
300,5000,10,pku,train,0,0,0
300,5000,10,pku,test,0.775,0.745,0.760
300,2000,10,as,train,0,0,0
300,2000,10,as,test,0.750,0.739,0.744
300,2000,10,cityu,train,0,0,0
300,2000,10,cityu,test,0.741,0.708,0.724
300,2000,10,msr,train,0,0,0
300,2000,10,msr,test,0.794,0.736,0.764
300,2000,10,pku,train,0,0,0
300,2000,10,pku,test,0.774,0.746,0.760
300,1500,10,as,train,0,0,0
300,1500,10,as,test,0.749,0.739,0.744
300,1500,10,cityu,train,0,0,0
300,1500,10,cityu,test,0.743,0.712,0.727
300,1500,10,msr,train,0,0,0
300,1500,10,msr,test,0.794,0.737,0.765
300,1500,10,pku,train,0,0,0
300,1500,10,pku,test,0.772,0.746,0.759
300,1000,10,as,train,0,0,0
300,1000,10,as,test,0.741,0.731,0.736
300,1000,10,cityu,train,0,0,0
300,1000,10,cityu,test,0.736,0.706,0.720
300,1000,10,msr,train,0,0,0
300,1000,10,msr,test,0.788,0.732,0.759
300,1000,10,pku,train,0,0,0
300,1000,10,pku,test,0.769,0.743,0.756
300,500,10,as,train,0,0,0
300,500,10,as,test,0.709,0.695,0.702
300,500,10,cityu,train,0,0,0
300,500,10,cityu,test,0.704,0.676,0.690
300,500,10,msr,train,0,0,0
300,500,10,msr,test,0.757,0.701,0.728
300,500,10,pku,train,0,0,0
300,500,10,pku,test,0.751,0.727,0.739
300,100,10,as,train,0,0,0
300,100,10,as,test,0.582,0.559,0.570
300,100,10,cityu,train,0,0,0
300,100,10,cityu,test,0.613,0.578,0.595
300,100,10,msr,train,0,0,0
300,100,10,msr,test,0.595,0.537,0.564
300,100,10,pku,train,0,0,0
300,100,10,pku,test,0.633,0.602,0.617
300,50,10,as,train,0,0,0
300,50,10,as,test,0.578,0.553,0.566
300,50,10,cityu,train,0,0,0
300,50,10,cityu,test,0.568,0.537,0.552
300,50,10,msr,train,0,0,0
300,50,10,msr,test,0.574,0.518,0.545
300,50,10,pku,train,0,0,0
300,50,10,pku,test,0.564,0.531,0.547
300,10,10,as,train,0,0,0
300,10,10,as,test,0.590,0.567,0.578
300,10,10,cityu,train,0,0,0
300,10,10,cityu,test,0.565,0.536,0.550
300,10,10,msr,train,0,0,0
300,10,10,msr,test,0.578,0.521,0.548
300,10,10,pku,train,0,0,0
300,10,10,pku,test,0.569,0.538,0.553
300,5000,12,as,train,0,0,0
300,5000,12,as,test,0.755,0.737,0.746
300,5000,12,cityu,train,0,0,0
300,5000,12,cityu,test,0.744,0.704,0.723
300,5000,12,msr,train,0,0,0
300,5000,12,msr,test,0.798,0.734,0.765
300,5000,12,pku,train,0,0,0
300,5000,12,pku,test,0.777,0.746,0.761
300,2000,12,as,train,0,0,0
300,2000,12,as,test,0.754,0.741,0.748
300,2000,12,cityu,train,0,0,0
300,2000,12,cityu,test,0.744,0.709,0.726
300,2000,12,msr,train,0,0,0
300,2000,12,msr,test,0.796,0.734,0.764
300,2000,12,pku,train,0,0,0
300,2000,12,pku,test,0.775,0.745,0.760
300,1500,12,as,train,0,0,0
300,1500,12,as,test,0.753,0.740,0.747
300,1500,12,cityu,train,0,0,0
300,1500,12,cityu,test,0.745,0.712,0.728
300,1500,12,msr,train,0,0,0
300,1500,12,msr,test,0.796,0.736,0.765
300,1500,12,pku,train,0,0,0
300,1500,12,pku,test,0.774,0.746,0.760
300,1000,12,as,train,0,0,0
300,1000,12,as,test,0.747,0.734,0.741
300,1000,12,cityu,train,0,0,0
300,1000,12,cityu,test,0.740,0.708,0.724
300,1000,12,msr,train,0,0,0
300,1000,12,msr,test,0.791,0.732,0.760
300,1000,12,pku,train,0,0,0
300,1000,12,pku,test,0.770,0.743,0.757
300,500,12,as,train,0,0,0
300,500,12,as,test,0.715,0.696,0.706
300,500,12,cityu,train,0,0,0
300,500,12,cityu,test,0.711,0.678,0.694
300,500,12,msr,train,0,0,0
300,500,12,msr,test,0.761,0.700,0.729
300,500,12,pku,train,0,0,0
300,500,12,pku,test,0.753,0.726,0.739
300,100,12,as,train,0,0,0
300,100,12,as,test,0.594,0.565,0.579
300,100,12,cityu,train,0,0,0
300,100,12,cityu,test,0.618,0.578,0.597
300,100,12,msr,train,0,0,0
300,100,12,msr,test,0.603,0.539,0.569
300,100,12,pku,train,0,0,0
300,100,12,pku,test,0.638,0.602,0.619
300,50,12,as,train,0,0,0
300,50,12,as,test,0.590,0.559,0.574
300,50,12,cityu,train,0,0,0
300,50,12,cityu,test,0.577,0.540,0.558
300,50,12,msr,train,0,0,0
300,50,12,msr,test,0.584,0.520,0.550
300,50,12,pku,train,0,0,0
300,50,12,pku,test,0.571,0.533,0.551
300,10,12,as,train,0,0,0
300,10,12,as,test,0.597,0.567,0.582
300,10,12,cityu,train,0,0,0
300,10,12,cityu,test,0.570,0.534,0.552
300,10,12,msr,train,0,0,0
300,10,12,msr,test,0.579,0.514,0.545
300,10,12,pku,train,0,0,0
300,10,12,pku,test,0.573,0.535,0.553
300,5000,14,as,train,0,0,0
300,5000,14,as,test,0.758,0.737,0.747
300,5000,14,cityu,train,0,0,0
300,5000,14,cityu,test,0.746,0.704,0.724
300,5000,14,msr,train,0,0,0
300,5000,14,msr,test,0.798,0.732,0.764
300,5000,14,pku,train,0,0,0
300,5000,14,pku,test,0.778,0.746,0.761
300,2000,14,as,train,0,0,0
300,2000,14,as,test,0.757,0.741,0.749
300,2000,14,cityu,train,0,0,0
300,2000,14,cityu,test,0.745,0.708,0.726
300,2000,14,msr,train,0,0,0
300,2000,14,msr,test,0.797,0.733,0.764
300,2000,14,pku,train,0,0,0
300,2000,14,pku,test,0.776,0.744,0.760
300,1500,14,as,train,0,0,0
300,1500,14,as,test,0.758,0.742,0.750
300,1500,14,cityu,train,0,0,0
300,1500,14,cityu,test,0.748,0.713,0.730
300,1500,14,msr,train,0,0,0
300,1500,14,msr,test,0.796,0.735,0.764
300,1500,14,pku,train,0,0,0
300,1500,14,pku,test,0.775,0.745,0.760
300,1000,14,as,train,0,0,0
300,1000,14,as,test,0.752,0.735,0.743
300,1000,14,cityu,train,0,0,0
300,1000,14,cityu,test,0.744,0.709,0.726
300,1000,14,msr,train,0,0,0
300,1000,14,msr,test,0.792,0.731,0.760
300,1000,14,pku,train,0,0,0
300,1000,14,pku,test,0.771,0.741,0.756
300,500,14,as,train,0,0,0
300,500,14,as,test,0.720,0.696,0.708
300,500,14,cityu,train,0,0,0
300,500,14,cityu,test,0.713,0.677,0.695
300,500,14,msr,train,0,0,0
300,500,14,msr,test,0.762,0.699,0.729
300,500,14,pku,train,0,0,0
300,500,14,pku,test,0.754,0.724,0.739
300,100,14,as,train,0,0,0
300,100,14,as,test,0.602,0.567,0.584
300,100,14,cityu,train,0,0,0
300,100,14,cityu,test,0.619,0.576,0.597
300,100,14,msr,train,0,0,0
300,100,14,msr,test,0.608,0.538,0.571
300,100,14,pku,train,0,0,0
300,100,14,pku,test,0.641,0.601,0.620
300,50,14,as,train,0,0,0
300,50,14,as,test,0.599,0.563,0.580
300,50,14,cityu,train,0,0,0
300,50,14,cityu,test,0.582,0.539,0.560
300,50,14,msr,train,0,0,0
300,50,14,msr,test,0.589,0.518,0.552
300,50,14,pku,train,0,0,0
300,50,14,pku,test,0.576,0.532,0.553
300,10,14,as,train,0,0,0
300,10,14,as,test,0.602,0.566,0.583
300,10,14,cityu,train,0,0,0
300,10,14,cityu,test,0.572,0.531,0.551
300,10,14,msr,train,0,0,0
300,10,14,msr,test,0.581,0.510,0.543
300,10,14,pku,train,0,0,0
300,10,14,pku,test,0.575,0.532,0.553
300,5000,16,as,train,0,0,0
300,5000,16,as,test,0.760,0.736,0.748
300,5000,16,cityu,train,0,0,0
300,5000,16,cityu,test,0.747,0.704,0.725
300,5000,16,msr,train,0,0,0
300,5000,16,msr,test,0.798,0.730,0.762
300,5000,16,pku,train,0,0,0
300,5000,16,pku,test,0.779,0.745,0.762
300,2000,16,as,train,0,0,0
300,2000,16,as,test,0.760,0.740,0.750
300,2000,16,cityu,train,0,0,0
300,2000,16,cityu,test,0.746,0.706,0.726
300,2000,16,msr,train,0,0,0
300,2000,16,msr,test,0.797,0.731,0.762
300,2000,16,pku,train,0,0,0
300,2000,16,pku,test,0.776,0.743,0.759
300,1500,16,as,train,0,0,0
300,1500,16,as,test,0.761,0.742,0.751
300,1500,16,cityu,train,0,0,0
300,1500,16,cityu,test,0.749,0.713,0.730
300,1500,16,msr,train,0,0,0
300,1500,16,msr,test,0.796,0.731,0.762
300,1500,16,pku,train,0,0,0
300,1500,16,pku,test,0.776,0.745,0.760
300,1000,16,as,train,0,0,0
300,1000,16,as,test,0.755,0.734,0.744
300,1000,16,cityu,train,0,0,0
300,1000,16,cityu,test,0.747,0.709,0.727
300,1000,16,msr,train,0,0,0
300,1000,16,msr,test,0.792,0.729,0.759
300,1000,16,pku,train,0,0,0
300,1000,16,pku,test,0.772,0.740,0.755
300,500,16,as,train,0,0,0
300,500,16,as,test,0.724,0.695,0.709
300,500,16,cityu,train,0,0,0
300,500,16,cityu,test,0.716,0.676,0.696
300,500,16,msr,train,0,0,0
300,500,16,msr,test,0.763,0.696,0.728
300,500,16,pku,train,0,0,0
300,500,16,pku,test,0.755,0.722,0.738
300,100,16,as,train,0,0,0
300,100,16,as,test,0.609,0.570,0.589
300,100,16,cityu,train,0,0,0
300,100,16,cityu,test,0.621,0.573,0.596
300,100,16,msr,train,0,0,0
300,100,16,msr,test,0.611,0.536,0.571
300,100,16,pku,train,0,0,0
300,100,16,pku,test,0.641,0.596,0.617
300,50,16,as,train,0,0,0
300,50,16,as,test,0.606,0.564,0.584
300,50,16,cityu,train,0,0,0
300,50,16,cityu,test,0.588,0.540,0.563
300,50,16,msr,train,0,0,0
300,50,16,msr,test,0.593,0.517,0.553
300,50,16,pku,train,0,0,0
300,50,16,pku,test,0.580,0.531,0.554
300,10,16,as,train,0,0,0
300,10,16,as,test,0.607,0.566,0.586
300,10,16,cityu,train,0,0,0
300,10,16,cityu,test,0.572,0.527,0.548
300,10,16,msr,train,0,0,0
300,10,16,msr,test,0.582,0.506,0.542
300,10,16,pku,train,0,0,0
300,10,16,pku,test,0.578,0.530,0.553
300,5000,18,as,train,0,0,0
300,5000,18,as,test,0.761,0.734,0.747
300,5000,18,cityu,train,0,0,0
300,5000,18,cityu,test,0.748,0.702,0.724
300,5000,18,msr,train,0,0,0
300,5000,18,msr,test,0.797,0.725,0.759
300,5000,18,pku,train,0,0,0
300,5000,18,pku,test,0.780,0.744,0.761
300,2000,18,as,train,0,0,0
300,2000,18,as,test,0.763,0.739,0.751
300,2000,18,cityu,train,0,0,0
300,2000,18,cityu,test,0.747,0.705,0.726
300,2000,18,msr,train,0,0,0
300,2000,18,msr,test,0.796,0.728,0.760
300,2000,18,pku,train,0,0,0
300,2000,18,pku,test,0.776,0.741,0.758
300,1500,18,as,train,0,0,0
300,1500,18,as,test,0.763,0.741,0.752
300,1500,18,cityu,train,0,0,0
300,1500,18,cityu,test,0.749,0.710,0.729
300,1500,18,msr,train,0,0,0
300,1500,18,msr,test,0.796,0.728,0.761
300,1500,18,pku,train,0,0,0
300,1500,18,pku,test,0.775,0.742,0.758
300,1000,18,as,train,0,0,0
300,1000,18,as,test,0.757,0.732,0.744
300,1000,18,cityu,train,0,0,0
300,1000,18,cityu,test,0.748,0.707,0.727
300,1000,18,msr,train,0,0,0
300,1000,18,msr,test,0.791,0.724,0.756
300,1000,18,pku,train,0,0,0
300,1000,18,pku,test,0.772,0.738,0.755
300,500,18,as,train,0,0,0
300,500,18,as,test,0.726,0.693,0.709
300,500,18,cityu,train,0,0,0
300,500,18,cityu,test,0.719,0.676,0.696
300,500,18,msr,train,0,0,0
300,500,18,msr,test,0.763,0.693,0.726
300,500,18,pku,train,0,0,0
300,500,18,pku,test,0.755,0.718,0.736
300,100,18,as,train,0,0,0
300,100,18,as,test,0.616,0.572,0.594
300,100,18,cityu,train,0,0,0
300,100,18,cityu,test,0.622,0.570,0.595
300,100,18,msr,train,0,0,0
300,100,18,msr,test,0.613,0.534,0.571
300,100,18,pku,train,0,0,0
300,100,18,pku,test,0.642,0.592,0.616
300,50,18,as,train,0,0,0
300,50,18,as,test,0.611,0.565,0.587
300,50,18,cityu,train,0,0,0
300,50,18,cityu,test,0.591,0.539,0.564
300,50,18,msr,train,0,0,0
300,50,18,msr,test,0.596,0.516,0.553
300,50,18,pku,train,0,0,0
300,50,18,pku,test,0.581,0.529,0.554
300,10,18,as,train,0,0,0
300,10,18,as,test,0.610,0.565,0.586
300,10,18,cityu,train,0,0,0
300,10,18,cityu,test,0.573,0.525,0.548
300,10,18,msr,train,0,0,0
300,10,18,msr,test,0.583,0.502,0.540
300,10,18,pku,train,0,0,0
300,10,18,pku,test,0.577,0.526,0.550
300,5000,20,as,train,0,0,0
300,5000,20,as,test,0.761,0.731,0.746
300,5000,20,cityu,train,0,0,0
300,5000,20,cityu,test,0.749,0.701,0.724
300,5000,20,msr,train,0,0,0
300,5000,20,msr,test,0.795,0.722,0.757
300,5000,20,pku,train,0,0,0
300,5000,20,pku,test,0.778,0.741,0.759
300,2000,20,as,train,0,0,0
300,2000,20,as,test,0.764,0.737,0.750
300,2000,20,cityu,train,0,0,0
300,2000,20,cityu,test,0.748,0.703,0.725
300,2000,20,msr,train,0,0,0
300,2000,20,msr,test,0.795,0.725,0.758
300,2000,20,pku,train,0,0,0
300,2000,20,pku,test,0.777,0.739,0.758
300,1500,20,as,train,0,0,0
300,1500,20,as,test,0.765,0.739,0.751
300,1500,20,cityu,train,0,0,0
300,1500,20,cityu,test,0.748,0.707,0.727
300,1500,20,msr,train,0,0,0
300,1500,20,msr,test,0.794,0.724,0.757
300,1500,20,pku,train,0,0,0
300,1500,20,pku,test,0.775,0.740,0.757
300,1000,20,as,train,0,0,0
300,1000,20,as,test,0.759,0.730,0.744
300,1000,20,cityu,train,0,0,0
300,1000,20,cityu,test,0.747,0.704,0.725
300,1000,20,msr,train,0,0,0
300,1000,20,msr,test,0.789,0.720,0.753
300,1000,20,pku,train,0,0,0
300,1000,20,pku,test,0.771,0.735,0.753
300,500,20,as,train,0,0,0
300,500,20,as,test,0.727,0.691,0.708
300,500,20,cityu,train,0,0,0
300,500,20,cityu,test,0.717,0.671,0.694
300,500,20,msr,train,0,0,0
300,500,20,msr,test,0.762,0.689,0.724
300,500,20,pku,train,0,0,0
300,500,20,pku,test,0.755,0.716,0.735
300,100,20,as,train,0,0,0
300,100,20,as,test,0.620,0.573,0.596
300,100,20,cityu,train,0,0,0
300,100,20,cityu,test,0.621,0.565,0.592
300,100,20,msr,train,0,0,0
300,100,20,msr,test,0.615,0.532,0.571
300,100,20,pku,train,0,0,0
300,100,20,pku,test,0.642,0.588,0.614
300,50,20,as,train,0,0,0
300,50,20,as,test,0.614,0.565,0.589
300,50,20,cityu,train,0,0,0
300,50,20,cityu,test,0.593,0.537,0.564
300,50,20,msr,train,0,0,0
300,50,20,msr,test,0.599,0.514,0.553
300,50,20,pku,train,0,0,0
300,50,20,pku,test,0.583,0.528,0.554
300,10,20,as,train,0,0,0
300,10,20,as,test,0.612,0.564,0.587
300,10,20,cityu,train,0,0,0
300,10,20,cityu,test,0.573,0.521,0.546
300,10,20,msr,train,0,0,0
300,10,20,msr,test,0.584,0.499,0.538
300,10,20,pku,train,0,0,0
300,10,20,pku,test,0.577,0.522,0.548
300,5000,22,as,train,0,0,0
300,5000,22,as,test,0.761,0.729,0.745
300,5000,22,cityu,train,0,0,0
300,5000,22,cityu,test,0.748,0.699,0.722
300,5000,22,msr,train,0,0,0
300,5000,22,msr,test,0.793,0.717,0.753
300,5000,22,pku,train,0,0,0
300,5000,22,pku,test,0.778,0.739,0.758
300,2000,22,as,train,0,0,0
300,2000,22,as,test,0.764,0.734,0.749
300,2000,22,cityu,train,0,0,0
300,2000,22,cityu,test,0.747,0.701,0.724
300,2000,22,msr,train,0,0,0
300,2000,22,msr,test,0.793,0.720,0.754
300,2000,22,pku,train,0,0,0
300,2000,22,pku,test,0.776,0.736,0.755
300,1500,22,as,train,0,0,0
300,1500,22,as,test,0.765,0.737,0.751
300,1500,22,cityu,train,0,0,0
300,1500,22,cityu,test,0.748,0.705,0.726
300,1500,22,msr,train,0,0,0
300,1500,22,msr,test,0.793,0.720,0.755
300,1500,22,pku,train,0,0,0
300,1500,22,pku,test,0.775,0.738,0.756
300,1000,22,as,train,0,0,0
300,1000,22,as,test,0.759,0.727,0.743
300,1000,22,cityu,train,0,0,0
300,1000,22,cityu,test,0.746,0.701,0.723
300,1000,22,msr,train,0,0,0
300,1000,22,msr,test,0.787,0.715,0.749
300,1000,22,pku,train,0,0,0
300,1000,22,pku,test,0.771,0.732,0.751
300,500,22,as,train,0,0,0
300,500,22,as,test,0.728,0.688,0.707
300,500,22,cityu,train,0,0,0
300,500,22,cityu,test,0.716,0.667,0.691
300,500,22,msr,train,0,0,0
300,500,22,msr,test,0.761,0.684,0.721
300,500,22,pku,train,0,0,0
300,500,22,pku,test,0.754,0.712,0.732
300,100,22,as,train,0,0,0
300,100,22,as,test,0.624,0.572,0.597
300,100,22,cityu,train,0,0,0
300,100,22,cityu,test,0.622,0.563,0.591
300,100,22,msr,train,0,0,0
300,100,22,msr,test,0.617,0.530,0.570
300,100,22,pku,train,0,0,0
300,100,22,pku,test,0.641,0.584,0.611
300,50,22,as,train,0,0,0
300,50,22,as,test,0.617,0.565,0.590
300,50,22,cityu,train,0,0,0
300,50,22,cityu,test,0.594,0.536,0.564
300,50,22,msr,train,0,0,0
300,50,22,msr,test,0.600,0.512,0.553
300,50,22,pku,train,0,0,0
300,50,22,pku,test,0.583,0.524,0.552
300,10,22,as,train,0,0,0
300,10,22,as,test,0.615,0.563,0.588
300,10,22,cityu,train,0,0,0
300,10,22,cityu,test,0.575,0.520,0.546
300,10,22,msr,train,0,0,0
300,10,22,msr,test,0.585,0.497,0.537
300,10,22,pku,train,0,0,0
300,10,22,pku,test,0.575,0.518,0.545
300,5000,24,as,train,0,0,0
300,5000,24,as,test,0.761,0.726,0.743
300,5000,24,cityu,train,0,0,0
300,5000,24,cityu,test,0.747,0.696,0.720
300,5000,24,msr,train,0,0,0
300,5000,24,msr,test,0.791,0.714,0.751
300,5000,24,pku,train,0,0,0
300,5000,24,pku,test,0.777,0.736,0.756
300,2000,24,as,train,0,0,0
300,2000,24,as,test,0.763,0.731,0.747
300,2000,24,cityu,train,0,0,0
300,2000,24,cityu,test,0.745,0.697,0.720
300,2000,24,msr,train,0,0,0
300,2000,24,msr,test,0.790,0.715,0.751
300,2000,24,pku,train,0,0,0
300,2000,24,pku,test,0.774,0.733,0.753
300,1500,24,as,train,0,0,0
300,1500,24,as,test,0.765,0.733,0.749
300,1500,24,cityu,train,0,0,0
300,1500,24,cityu,test,0.748,0.703,0.725
300,1500,24,msr,train,0,0,0
300,1500,24,msr,test,0.790,0.715,0.751
300,1500,24,pku,train,0,0,0
300,1500,24,pku,test,0.774,0.735,0.754
300,1000,24,as,train,0,0,0
300,1000,24,as,test,0.760,0.724,0.741
300,1000,24,cityu,train,0,0,0
300,1000,24,cityu,test,0.745,0.698,0.721
300,1000,24,msr,train,0,0,0
300,1000,24,msr,test,0.785,0.710,0.746
300,1000,24,pku,train,0,0,0
300,1000,24,pku,test,0.770,0.729,0.749
300,500,24,as,train,0,0,0
300,500,24,as,test,0.728,0.685,0.706
300,500,24,cityu,train,0,0,0
300,500,24,cityu,test,0.716,0.665,0.689
300,500,24,msr,train,0,0,0
300,500,24,msr,test,0.759,0.679,0.717
300,500,24,pku,train,0,0,0
300,500,24,pku,test,0.753,0.708,0.730
300,100,24,as,train,0,0,0
300,100,24,as,test,0.625,0.571,0.597
300,100,24,cityu,train,0,0,0
300,100,24,cityu,test,0.620,0.559,0.588
300,100,24,msr,train,0,0,0
300,100,24,msr,test,0.618,0.528,0.570
300,100,24,pku,train,0,0,0
300,100,24,pku,test,0.640,0.581,0.609
300,50,24,as,train,0,0,0
300,50,24,as,test,0.620,0.565,0.591
300,50,24,cityu,train,0,0,0
300,50,24,cityu,test,0.595,0.534,0.563
300,50,24,msr,train,0,0,0
300,50,24,msr,test,0.600,0.510,0.551
300,50,24,pku,train,0,0,0
300,50,24,pku,test,0.583,0.522,0.551
300,10,24,as,train,0,0,0
300,10,24,as,test,0.616,0.563,0.588
300,10,24,cityu,train,0,0,0
300,10,24,cityu,test,0.575,0.517,0.545
300,10,24,msr,train,0,0,0
300,10,24,msr,test,0.586,0.495,0.537
300,10,24,pku,train,0,0,0
300,10,24,pku,test,0.574,0.514,0.542
300,5000,26,as,train,0,0,0
300,5000,26,as,test,0.760,0.722,0.741
300,5000,26,cityu,train,0,0,0
300,5000,26,cityu,test,0.747,0.693,0.719
300,5000,26,msr,train,0,0,0
300,5000,26,msr,test,0.789,0.709,0.747
300,5000,26,pku,train,0,0,0
300,5000,26,pku,test,0.776,0.733,0.754
300,2000,26,as,train,0,0,0
300,2000,26,as,test,0.763,0.728,0.745
300,2000,26,cityu,train,0,0,0
300,2000,26,cityu,test,0.746,0.696,0.720
300,2000,26,msr,train,0,0,0
300,2000,26,msr,test,0.788,0.710,0.747
300,2000,26,pku,train,0,0,0
300,2000,26,pku,test,0.773,0.730,0.751
300,1500,26,as,train,0,0,0
300,1500,26,as,test,0.765,0.730,0.747
300,1500,26,cityu,train,0,0,0
300,1500,26,cityu,test,0.748,0.699,0.723
300,1500,26,msr,train,0,0,0
300,1500,26,msr,test,0.788,0.711,0.748
300,1500,26,pku,train,0,0,0
300,1500,26,pku,test,0.774,0.732,0.752
300,1000,26,as,train,0,0,0
300,1000,26,as,test,0.759,0.721,0.740
300,1000,26,cityu,train,0,0,0
300,1000,26,cityu,test,0.743,0.693,0.717
300,1000,26,msr,train,0,0,0
300,1000,26,msr,test,0.783,0.704,0.741
300,1000,26,pku,train,0,0,0
300,1000,26,pku,test,0.768,0.725,0.746
300,500,26,as,train,0,0,0
300,500,26,as,test,0.727,0.681,0.703
300,500,26,cityu,train,0,0,0
300,500,26,cityu,test,0.715,0.661,0.687
300,500,26,msr,train,0,0,0
300,500,26,msr,test,0.756,0.676,0.714
300,500,26,pku,train,0,0,0
300,500,26,pku,test,0.751,0.705,0.727
300,100,26,as,train,0,0,0
300,100,26,as,test,0.627,0.571,0.598
300,100,26,cityu,train,0,0,0
300,100,26,cityu,test,0.618,0.554,0.585
300,100,26,msr,train,0,0,0
300,100,26,msr,test,0.618,0.526,0.569
300,100,26,pku,train,0,0,0
300,100,26,pku,test,0.639,0.577,0.606
300,50,26,as,train,0,0,0
300,50,26,as,test,0.622,0.565,0.592
300,50,26,cityu,train,0,0,0
300,50,26,cityu,test,0.596,0.532,0.563
300,50,26,msr,train,0,0,0
300,50,26,msr,test,0.601,0.508,0.550
300,50,26,pku,train,0,0,0
300,50,26,pku,test,0.583,0.520,0.550
300,10,26,as,train,0,0,0
300,10,26,as,test,0.618,0.562,0.588
300,10,26,cityu,train,0,0,0
300,10,26,cityu,test,0.575,0.514,0.543
300,10,26,msr,train,0,0,0
300,10,26,msr,test,0.585,0.493,0.535
300,10,26,pku,train,0,0,0
300,10,26,pku,test,0.574,0.512,0.541
300,5000,28,as,train,0,0,0
300,5000,28,as,test,0.759,0.719,0.739
300,5000,28,cityu,train,0,0,0
300,5000,28,cityu,test,0.746,0.691,0.717
300,5000,28,msr,train,0,0,0
300,5000,28,msr,test,0.786,0.704,0.743
300,5000,28,pku,train,0,0,0
300,5000,28,pku,test,0.774,0.730,0.751
300,2000,28,as,train,0,0,0
300,2000,28,as,test,0.762,0.725,0.743
300,2000,28,cityu,train,0,0,0
300,2000,28,cityu,test,0.745,0.693,0.718
300,2000,28,msr,train,0,0,0
300,2000,28,msr,test,0.785,0.706,0.743
300,2000,28,pku,train,0,0,0
300,2000,28,pku,test,0.772,0.726,0.748
300,1500,28,as,train,0,0,0
300,1500,28,as,test,0.764,0.727,0.745
300,1500,28,cityu,train,0,0,0
300,1500,28,cityu,test,0.747,0.697,0.721
300,1500,28,msr,train,0,0,0
300,1500,28,msr,test,0.786,0.706,0.744
300,1500,28,pku,train,0,0,0
300,1500,28,pku,test,0.772,0.729,0.750
300,1000,28,as,train,0,0,0
300,1000,28,as,test,0.759,0.718,0.738
300,1000,28,cityu,train,0,0,0
300,1000,28,cityu,test,0.743,0.690,0.715
300,1000,28,msr,train,0,0,0
300,1000,28,msr,test,0.780,0.699,0.737
300,1000,28,pku,train,0,0,0
300,1000,28,pku,test,0.766,0.721,0.743
300,500,28,as,train,0,0,0
300,500,28,as,test,0.727,0.678,0.702
300,500,28,cityu,train,0,0,0
300,500,28,cityu,test,0.714,0.657,0.685
300,500,28,msr,train,0,0,0
300,500,28,msr,test,0.754,0.671,0.710
300,500,28,pku,train,0,0,0
300,500,28,pku,test,0.749,0.700,0.724
300,100,28,as,train,0,0,0
300,100,28,as,test,0.628,0.570,0.597
300,100,28,cityu,train,0,0,0
300,100,28,cityu,test,0.617,0.551,0.582
300,100,28,msr,train,0,0,0
300,100,28,msr,test,0.619,0.525,0.568
300,100,28,pku,train,0,0,0
300,100,28,pku,test,0.639,0.573,0.604
300,50,28,as,train,0,0,0
300,50,28,as,test,0.624,0.564,0.592
300,50,28,cityu,train,0,0,0
300,50,28,cityu,test,0.597,0.530,0.562
300,50,28,msr,train,0,0,0
300,50,28,msr,test,0.601,0.506,0.550
300,50,28,pku,train,0,0,0
300,50,28,pku,test,0.583,0.518,0.549
300,10,28,as,train,0,0,0
300,10,28,as,test,0.619,0.560,0.588
300,10,28,cityu,train,0,0,0
300,10,28,cityu,test,0.574,0.511,0.541
300,10,28,msr,train,0,0,0
300,10,28,msr,test,0.585,0.490,0.533
300,10,28,pku,train,0,0,0
300,10,28,pku,test,0.574,0.509,0.540
300,5000,30,as,train,0,0,0
300,5000,30,as,test,0.758,0.716,0.736
300,5000,30,cityu,train,0,0,0
300,5000,30,cityu,test,0.745,0.688,0.716
300,5000,30,msr,train,0,0,0
300,5000,30,msr,test,0.783,0.699,0.739
300,5000,30,pku,train,0,0,0
300,5000,30,pku,test,0.772,0.726,0.748
300,2000,30,as,train,0,0,0
300,2000,30,as,test,0.761,0.722,0.741
300,2000,30,cityu,train,0,0,0
300,2000,30,cityu,test,0.743,0.690,0.715
300,2000,30,msr,train,0,0,0
300,2000,30,msr,test,0.783,0.701,0.740
300,2000,30,pku,train,0,0,0
300,2000,30,pku,test,0.769,0.723,0.745
300,1500,30,as,train,0,0,0
300,1500,30,as,test,0.763,0.724,0.743
300,1500,30,cityu,train,0,0,0
300,1500,30,cityu,test,0.745,0.693,0.718
300,1500,30,msr,train,0,0,0
300,1500,30,msr,test,0.782,0.700,0.739
300,1500,30,pku,train,0,0,0
300,1500,30,pku,test,0.770,0.725,0.747
300,1000,30,as,train,0,0,0
300,1000,30,as,test,0.758,0.714,0.735
300,1000,30,cityu,train,0,0,0
300,1000,30,cityu,test,0.741,0.685,0.712
300,1000,30,msr,train,0,0,0
300,1000,30,msr,test,0.776,0.693,0.733
300,1000,30,pku,train,0,0,0
300,1000,30,pku,test,0.764,0.716,0.739
300,500,30,as,train,0,0,0
300,500,30,as,test,0.726,0.675,0.700
300,500,30,cityu,train,0,0,0
300,500,30,cityu,test,0.713,0.653,0.682
300,500,30,msr,train,0,0,0
300,500,30,msr,test,0.751,0.665,0.705
300,500,30,pku,train,0,0,0
300,500,30,pku,test,0.746,0.695,0.720
300,100,30,as,train,0,0,0
300,100,30,as,test,0.629,0.570,0.598
300,100,30,cityu,train,0,0,0
300,100,30,cityu,test,0.617,0.549,0.581
300,100,30,msr,train,0,0,0
300,100,30,msr,test,0.618,0.522,0.566
300,100,30,pku,train,0,0,0
300,100,30,pku,test,0.637,0.570,0.602
300,50,30,as,train,0,0,0
300,50,30,as,test,0.624,0.563,0.592
300,50,30,cityu,train,0,0,0
300,50,30,cityu,test,0.596,0.529,0.561
300,50,30,msr,train,0,0,0
300,50,30,msr,test,0.601,0.504,0.548
300,50,30,pku,train,0,0,0
300,50,30,pku,test,0.583,0.516,0.548
300,10,30,as,train,0,0,0
300,10,30,as,test,0.620,0.559,0.588
300,10,30,cityu,train,0,0,0
300,10,30,cityu,test,0.574,0.510,0.540
300,10,30,msr,train,0,0,0
300,10,30,msr,test,0.585,0.488,0.532
300,10,30,pku,train,0,0,0
300,10,30,pku,test,0.574,0.507,0.538
